<?xml version="1.0" encoding="UTF-8"?>
<metadata xml:lang="en"><Esri><CreaDate>20230314</CreaDate><CreaTime>13405900</CreaTime><ArcGISFormat>1.0</ArcGISFormat><SyncOnce>TRUE</SyncOnce><DataProperties><lineage><Process ToolSource="c:\program files (x86)\arcgis\desktop10.8\ArcToolbox\Toolboxes\Data Management Tools.tbx\Append" Date="20230314" Time="134059">Append basemap.sde.ant_usgs_tma_aerial_index_ln USGS_TMA_Index_lines NO_TEST "Id "Id" true false false 6 Long 0 6 ,First,#,basemap.sde.ant_usgs_tma_aerial_index_ln,objectid,-1,-1;tma_num "tma_num" true false false 10 Text 0 0 ,First,#,basemap.sde.ant_usgs_tma_aerial_index_ln,tma_num,-1,-1;photoStart "photoStart" true false false 10 Long 0 10 ,First,#,basemap.sde.ant_usgs_tma_aerial_index_ln,photo_start,-1,-1;photoEnd "photoEnd" true false false 10 Long 0 10 ,First,#,basemap.sde.ant_usgs_tma_aerial_index_ln,photo_end,-1,-1;acq_date "acq_date" true true false 8 Date 0 0 ,First,#,basemap.sde.ant_usgs_tma_aerial_index_ln,acq_date,-1,-1;acq_year "acq_year" true false false 4 Short 0 4 ,First,#,basemap.sde.ant_usgs_tma_aerial_index_ln,acq_year,-1,-1;acq_month "acq_month" true false false 2 Short 0 2 ,First,#,basemap.sde.ant_usgs_tma_aerial_index_ln,acq_month,-1,-1;high_url "high_url" true false false 254 Text 0 0 ,First,#,basemap.sde.ant_usgs_tma_aerial_index_ln,high_url,-1,-1;med_url "med_url" true false false 254 Text 0 0 ,First,#,basemap.sde.ant_usgs_tma_aerial_index_ln,med_url,-1,-1;length_km "length_km" true false false 19 Double 8 18 ,First,#,basemap.sde.ant_usgs_tma_aerial_index_ln,len_km,-1,-1;altitudeFT "altitudeFT" true false false 10 Long 0 10 ,First,#,basemap.sde.ant_usgs_tma_aerial_index_ln,altitude,-1,-1" #</Process><Process ToolSource="c:\program files (x86)\arcgis\desktop10.8\ArcToolbox\Toolboxes\Data Management Tools.tbx\CalculateField" Date="20230314" Time="134707">CalculateField USGS_TMA_Index_lines altitudeFT "" VB #</Process><Process ToolSource="c:\program files (x86)\arcgis\desktop10.8\ArcToolbox\Toolboxes\Data Management Tools.tbx\CalculateField" Date="20230322" Time="112625">CalculateField REVISED_USGS_TMA_Index_flightlines acq_year 2000 VB #</Process></lineage></DataProperties></Esri></metadata>
