<?xml version="1.0" encoding="UTF-8"?>
<metadata xml:lang="en"><Esri><CreaDate>20230314</CreaDate><CreaTime>14150800</CreaTime><ArcGISFormat>1.0</ArcGISFormat><SyncOnce>TRUE</SyncOnce><DataProperties><lineage><Process ToolSource="c:\program files (x86)\arcgis\desktop10.8\ArcToolbox\Toolboxes\Data Management Tools.tbx\Append" Date="20230314" Time="141508">Append basemap.sde.ant_usgs_tma_aerial_index_pt USGS_TMA_Index_photo_center_points NO_TEST "Id "Id" true false false 6 Long 0 6 ,First,#,basemap.sde.ant_usgs_tma_aerial_index_pt,objectid,-1,-1;acq_id "acq_id" true false false 20 Text 0 0 ,First,#,basemap.sde.ant_usgs_tma_aerial_index_pt,acq_id,-1,-1;tma_num "tma_num" true false false 10 Text 0 0 ,First,#,basemap.sde.ant_usgs_tma_aerial_index_pt,tma_num,-1,-1;photo_num "photo_num" true false false 5 Long 0 5 ,First,#,basemap.sde.ant_usgs_tma_aerial_index_pt,photo_num,-1,-1;acq_date "acq_date" true true false 8 Date 0 0 ,First,#,basemap.sde.ant_usgs_tma_aerial_index_pt,acq_date,-1,-1;acq_year "acq_year" true false false 10 Long 0 10 ,First,#,basemap.sde.ant_usgs_tma_aerial_index_pt,acq_year,-1,-1;acq_month "acq_month" true false false 5 Long 0 5 ,First,#,basemap.sde.ant_usgs_tma_aerial_index_pt,acq_month,-1,-1;acq_day "acq_day" true false false 5 Long 0 5 ,First,#,basemap.sde.ant_usgs_tma_aerial_index_pt,acq_day,-1,-1;latitude "latitude" true false false 19 Double 8 18 ,First,#,basemap.sde.ant_usgs_tma_aerial_index_pt,lat,-1,-1;longitude "longitude" true false false 19 Double 8 18 ,First,#,basemap.sde.ant_usgs_tma_aerial_index_pt,lon,-1,-1;preview_v "preview_v" true false false 254 Text 0 0 ,First,#,basemap.sde.ant_usgs_tma_aerial_index_pt,prev_url_v,-1,-1;preview_l "preview_l" true false false 254 Text 0 0 ,First,#,basemap.sde.ant_usgs_tma_aerial_index_pt,prev_url_l,-1,-1;preview_r "preview_r" true false false 254 Text 0 0 ,First,#,basemap.sde.ant_usgs_tma_aerial_index_pt,prev_url_r,-1,-1;thumb_v "thumb_v" true false false 254 Text 0 0 ,First,#,basemap.sde.ant_usgs_tma_aerial_index_pt,thumb_url_v,-1,-1;thumb_l "thumb_l" true false false 254 Text 0 0 ,First,#,basemap.sde.ant_usgs_tma_aerial_index_pt,thumb_url_l,-1,-1;thumb_r "thumb_r" true false false 254 Text 0 0 ,First,#,basemap.sde.ant_usgs_tma_aerial_index_pt,thumb_url_r,-1,-1;med_res_v "med_res_v" true false false 254 Text 0 0 ,First,#,basemap.sde.ant_usgs_tma_aerial_index_pt,med_url_v,-1,-1;med_res_l "med_res_l" true false false 254 Text 0 0 ,First,#,basemap.sde.ant_usgs_tma_aerial_index_pt,med_url_l,-1,-1;med_res_r "med_res_r" true false false 254 Text 0 0 ,First,#,basemap.sde.ant_usgs_tma_aerial_index_pt,med_url_r,-1,-1;high_res_v "high_res_v" true false false 254 Text 0 0 ,First,#,basemap.sde.ant_usgs_tma_aerial_index_pt,high_url_v,-1,-1;high_res_l "high_res_l" true false false 254 Text 0 0 ,First,#,basemap.sde.ant_usgs_tma_aerial_index_pt,high_url_l,-1,-1;high_res_r "high_res_r" true false false 254 Text 0 0 ,First,#,basemap.sde.ant_usgs_tma_aerial_index_pt,high_url_r,-1,-1;foc_len_v "foc_len_v" true false false 19 Double 8 18 ,First,#,basemap.sde.ant_usgs_tma_aerial_index_pt,focal_len_v,-1,-1;foc_len_l "foc_len_l" true false false 19 Double 8 18 ,First,#,basemap.sde.ant_usgs_tma_aerial_index_pt,focal_len_l,-1,-1;foc_len_r "foc_len_r" true false false 19 Double 8 18 ,First,#,basemap.sde.ant_usgs_tma_aerial_index_pt,focal_len_r,-1,-1;altitudeFT "altitudeFT" true false false 10 Long 0 10 ,First,#,basemap.sde.ant_usgs_tma_aerial_index_pt,alt_ft,-1,-1" #</Process><Process ToolSource="c:\program files (x86)\arcgis\desktop10.8\ArcToolbox\Toolboxes\Data Management Tools.tbx\Append" Date="20230314" Time="142742">Append basemap.sde.ant_usgs_tma_aerial_index_pt USGS_TMA_Index_photo_center_points NO_TEST "Id "Id" true false false 6 Long 0 6 ,First,#,basemap.sde.ant_usgs_tma_aerial_index_pt,objectid,-1,-1;acq_id "acq_id" true false false 20 Text 0 0 ,First,#,basemap.sde.ant_usgs_tma_aerial_index_pt,acq_id,-1,-1;tma_num "tma_num" true false false 10 Text 0 0 ,First,#,basemap.sde.ant_usgs_tma_aerial_index_pt,tma_num,-1,-1;photo_num "photo_num" true false false 5 Long 0 5 ,First,#,basemap.sde.ant_usgs_tma_aerial_index_pt,photo_num,-1,-1;acq_date "acq_date" true true false 8 Date 0 0 ,First,#,basemap.sde.ant_usgs_tma_aerial_index_pt,acq_date,-1,-1;acq_year "acq_year" true false false 10 Long 0 10 ,First,#,basemap.sde.ant_usgs_tma_aerial_index_pt,acq_year,-1,-1;acq_month "acq_month" true false false 5 Long 0 5 ,First,#,basemap.sde.ant_usgs_tma_aerial_index_pt,acq_month,-1,-1;acq_day "acq_day" true false false 5 Long 0 5 ,First,#,basemap.sde.ant_usgs_tma_aerial_index_pt,acq_day,-1,-1;latitude "latitude" true false false 19 Double 8 18 ,First,#,basemap.sde.ant_usgs_tma_aerial_index_pt,lat,-1,-1;longitude "longitude" true false false 19 Double 8 18 ,First,#,basemap.sde.ant_usgs_tma_aerial_index_pt,lon,-1,-1;preview_v "preview_v" true false false 254 Text 0 0 ,First,#,basemap.sde.ant_usgs_tma_aerial_index_pt,prev_url_v,-1,-1;preview_l "preview_l" true false false 254 Text 0 0 ,First,#,basemap.sde.ant_usgs_tma_aerial_index_pt,prev_url_l,-1,-1;preview_r "preview_r" true false false 254 Text 0 0 ,First,#,basemap.sde.ant_usgs_tma_aerial_index_pt,prev_url_r,-1,-1;thumb_v "thumb_v" true false false 254 Text 0 0 ,First,#,basemap.sde.ant_usgs_tma_aerial_index_pt,thumb_url_v,-1,-1;thumb_l "thumb_l" true false false 254 Text 0 0 ,First,#,basemap.sde.ant_usgs_tma_aerial_index_pt,thumb_url_l,-1,-1;thumb_r "thumb_r" true false false 254 Text 0 0 ,First,#,basemap.sde.ant_usgs_tma_aerial_index_pt,thumb_url_r,-1,-1;med_res_v "med_res_v" true false false 254 Text 0 0 ,First,#,basemap.sde.ant_usgs_tma_aerial_index_pt,med_url_v,-1,-1;med_res_l "med_res_l" true false false 254 Text 0 0 ,First,#,basemap.sde.ant_usgs_tma_aerial_index_pt,med_url_l,-1,-1;med_res_r "med_res_r" true false false 254 Text 0 0 ,First,#,basemap.sde.ant_usgs_tma_aerial_index_pt,med_url_r,-1,-1;high_res_v "high_res_v" true false false 254 Text 0 0 ,First,#,basemap.sde.ant_usgs_tma_aerial_index_pt,high_url_v,-1,-1;high_res_l "high_res_l" true false false 254 Text 0 0 ,First,#,basemap.sde.ant_usgs_tma_aerial_index_pt,high_url_l,-1,-1;high_res_r "high_res_r" true false false 254 Text 0 0 ,First,#,basemap.sde.ant_usgs_tma_aerial_index_pt,high_url_r,-1,-1;altitudeFT "altitudeFT" true false false 10 Long 0 10 ,First,#,basemap.sde.ant_usgs_tma_aerial_index_pt,alt_ft,-1,-1;camera_v "camera_v" true false false 10 Text 0 0 ,First,#,basemap.sde.ant_usgs_tma_aerial_index_pt,cam_v,-1,-1;camera_l "camera_l" true false false 10 Text 0 0 ,First,#,basemap.sde.ant_usgs_tma_aerial_index_pt,cam_l,-1,-1;camera_r "camera_r" true false false 10 Text 0 0 ,First,#,basemap.sde.ant_usgs_tma_aerial_index_pt,cam_r,-1,-1" #</Process></lineage></DataProperties></Esri></metadata>
